‚Ññ,–°–æ—Ü—Å–µ—Ç—å,–°—Å—ã–ª–∫–∞,–ü—Ä–æ—Å–º–æ—Ç—Ä—ã,–õ–∞–π–∫–∏,–†–µ–ø–æ—Å—Ç—ã,–ö–æ–º–º–µ–Ω—Ç–∞—Ä–∏–∏,–î–ª–∏—Ç–µ–ª—å–Ω–æ—Å—Ç—å,–ú—É–∑—ã–∫–∞,–ê–≤—Ç–æ—Ä,–ò–º—è –∞–≤—Ç–æ—Ä–∞,–û–ø–∏—Å–∞–Ω–∏–µ,–î–∞—Ç–∞ –ø—É–±–ª–∏–∫–∞—Ü–∏–∏,–ü—Ä–µ–≤—å—é
1,instagram,https://www.instagram.com/p/DPgQlVtjCOM/,7434,89,,4,9.635,NUNCA MUDA? (Edit Slowed) - NUNCA MUDA? (Edit Slowed),mom_lena88,–Ø –õ·•±–Ω·•≤‚ñ´Ô∏è–ú–ê–ú–ê 3-—Ö‚ñ´Ô∏èinfluencer ‚ñ´Ô∏è,"–°–∞–º—ã–µ üçÇü§é
‚Ä¢
WB : WW175346",07.10.2025 13:06,https://scontent-det1-1.cdninstagram.com/v/t51.2885-15/560434163_18526814773063478_5669973677836199381_n.jpg?stp=dst-jpg_e35_p1080x1080_sh0.08_tt6&_nc_ht=scontent-det1-1.cdninstagram.com&_nc_cat=102&_nc_oc=Q6cZ2QF98DxZetscYXDRC6XQeLLOrkTOMNcWfe78ADPVUjJ_aI57qHgONC-OqucpMZPjLH8&_nc_ohc=4I_7rpECXyoQ7kNvwFHqpm8&_nc_gid=EalxKO4tNMSLkNbJgbERew&edm=APs17CUBAAAA&ccb=7-5&oh=00_Afh41Lg3UT8aQ6t6cp9muTIV8IJtN77yiND_c1R7OHrwOg&oe=69145D63&_nc_sid=10d13b
2,instagram,https://www.instagram.com/p/DPgWlAJjMVy/,19086,390,,20,47.67,Original audio - Original audio,coolkate,–ö–µ–π—Ç üíñ | UGC | –ø–æ—Ö—É–¥–µ–Ω–∏–µ | –æ–±–∑–æ—Ä—ã | –±–ª–æ–≥–µ—Ä | –°–∞—Ä–∞—Ç–æ–≤ | –ê–Ω–∞–ø–∞,"–≤ –∫–æ–Ω—Ü–µ –ø—Ä–æ—Å—Ç–æ –∫–ª–∞–¥ ü´∞üèª
—Å–∞–ø–æ–≥–∏ –Ω–∞ —à–∏—Ä–æ–∫—É—é –Ω–æ–∂–∫—É

–µ—Å–ª–∏ –Ω—É–∂–Ω—ã –∞—Ä—Ç–∏–∫—É–ª—ã –ø–∏—à–∏—Ç–µ üíï",07.10.2025 13:59,https://scontent-lga3-2.cdninstagram.com/v/t51.2885-15/560565140_1534787680864729_8986487734297590656_n.jpg?stp=dst-jpg_e15_tt6&_nc_ht=scontent-lga3-2.cdninstagram.com&_nc_cat=101&_nc_oc=Q6cZ2QE_yjnMWyfqYdryszXpDzDXD_NYYMieTV8MGPDd90m5QR81MeA1jIFMLXYpIobPiVs&_nc_ohc=Z2z8G8_TXJwQ7kNvwHP6P0c&_nc_gid=ObYP47BsCCMsMBWaqjeRpw&edm=APs17CUBAAAA&ccb=7-5&oh=00_AfgQuflRxlmcqvRVsGD2VivYxzqr_u4RjIGYtRn1OHOvAg&oe=69142D4D&_nc_sid=10d13b
3,instagram,https://www.instagram.com/p/DPgrFXMjEM0/,3273,1,,,52.801,Original audio - Original audio,coolkate,–ö–µ–π—Ç üíñ | UGC | –ø–æ—Ö—É–¥–µ–Ω–∏–µ | –æ–±–∑–æ—Ä—ã | –±–ª–æ–≥–µ—Ä | –°–∞—Ä–∞—Ç–æ–≤ | –ê–Ω–∞–ø–∞,"–ü–æ–¥–±–æ—Ä–∫–∞ –æ—Å–µ–Ω–Ω–µ–π –æ–±—É–≤–∏ —Å —à–∏—Ä–æ–∫–∏–º –≥–æ–ª–µ–Ω–∏—â–µ–º üíï

–ú–æ–π –æ–±—ä–µ–º –∏–∫—Ä- 40 —Å–º

–ê—Ä—Ç–∏–∫—É–ª—ã üëá 

–ö–æ—Ä–∏—á–Ω–µ–≤—ã–µ –±–æ—Ç–∏–ª—å–æ–Ω—ã #WW175350
–ß–µ—Ä–Ω—ã–µ —Å–∞–ø–æ–∂–∫–∏ #WW175348
–ö–æ—Ä–∏—á–Ω–µ–≤—ã–µ —Å–∞–ø–æ–≥–∏ @newyorkeronline",07.10.2025 16:59,https://scontent-lga3-2.cdninstagram.com/v/t51.2885-15/561312536_1359322575528629_5738286990410602228_n.jpg?stp=dst-jpg_e15_tt6&_nc_ht=scontent-lga3-2.cdninstagram.com&_nc_cat=105&_nc_oc=Q6cZ2QEt_I42ZmPd9kVH9X0n80vPub2pm6va52oaR7UY4PGHducQdXSG39j3Vg6ETbW_5QM&_nc_ohc=yx2COo1O0oEQ7kNvwH5Rv_X&_nc_gid=8frR3092QHWeIG0xJ74B9A&edm=APs17CUBAAAA&ccb=7-5&oh=00_AfgsrQ70Nbha5SpLBdfwidPpjF6M4AIg6LeVsPwWgXLzXg&oe=69143165&_nc_sid=10d13b
4,tiktok,https://vt.tiktok.com/ZSUjk3Hyw/,2949,50,2,4,52,–æ—Ä–∏–≥–∏–Ω–∞–ª—å–Ω—ã–π –∑–≤—É–∫ - –æ—Ä–∏–≥–∏–Ω–∞–ª—å–Ω—ã–π –∑–≤—É–∫,–ö–µ–π—Ç ‚ú® –æ –ø–æ—Ö—É–¥–µ–Ω–∏–∏ –∏ —à–º–æ—Ç–∫–∞—Ö,coolkate_plussize,"–ê—Ä—Ç–∏–∫—É–ª—ã üëá 
–ë–æ—Ç–∏–ª—å–æ–Ω—ã #500547022
–°–∞–ø–æ–≥–∏ —á–µ—Ä–Ω—ã–µ #316216729
–ö–æ—Ä–∏—á–Ω–µ–≤—ã–µ —Å–∞–ø–æ–∂–∫–∏ New Yorker",07.10.2025 16:54,https://p16-common-sign.tiktokcdn-us.com/tos-alisg-p-0037/ow5EeDF5EEDR4oAAt8AgfGEZolIjRlABcA3RGC~tplv-tiktokx-origin.image?dr=9636&x-expires=1762725600&x-signature=JBI50fGX4L0YF9mkX6Shr1Imb14%3D&t=4d5b0474&ps=13740610&shp=81f88b70&shcp=43f4a2f9&idc=useast8
5,tiktok,https://vt.tiktok.com/ZSUjk3vQH/,3108,69,2,5,47,–æ—Ä–∏–≥–∏–Ω–∞–ª—å–Ω—ã–π –∑–≤—É–∫ - –æ—Ä–∏–≥–∏–Ω–∞–ª—å–Ω—ã–π –∑–≤—É–∫,–ö–µ–π—Ç ‚ú® –æ –ø–æ—Ö—É–¥–µ–Ω–∏–∏ –∏ —à–º–æ—Ç–∫–∞—Ö,coolkate_plussize,–í –∫–æ–Ω—Ü–µ –∫–ª–∞–¥: —Å–∞–ø–æ–≥–∏ –Ω–∞ —à–∏—Ä–æ–∫–∏–µ –∏–∫—Ä—ã ü´∞üèª,07.10.2025 14:11,https://p16-common-sign.tiktokcdn-us.com/tos-alisg-p-0037/oAaFrEBWIuRczTuCbfeWkIPxoZW9VDbB5EEgAB~tplv-tiktokx-origin.image?dr=9636&x-expires=1762725600&x-signature=3%2BxwTveiX4%2F%2BQLtTXrZ2w6qgLAI%3D&t=4d5b0474&ps=13740610&shp=81f88b70&shcp=43f4a2f9&idc=useast8
6,youtube,https://www.youtube.com/shorts/fzohh_6InTA,5158,48,,4,53,,Coolkate_beauty,COOLKATE | PLUSSIZE | BEAUTY ,–û–±—É–≤—å –Ω–∞ —à–∏—Ä–æ–∫–æ–µ –≥–æ–ª–µ–Ω–∏—â–µ | –ø–æ–ª–Ω—ã–µ –∏–∫—Ä—ã | –æÔøΩÔøΩ—É–≤—å –Ω–∞ —à–∏—Ä–æ–∫—É—é –Ω–æ–≥—É,07.10.2025 22:41,https://i.ytimg.com/vi/fzohh_6InTA/maxres2.jpg?sqp=-oaymwEoCIAKENAF8quKqQMcGADwAQH4AbYIgAKAD4oCDAgAEAEYZSBlKGUwDw==&rs=AOn4CLAh68TzCmofx44kudXJsddHorZWhw
